{
    "id": "adjustableautomatedships",
    "name": "Adjustable Automated Ships",
    "author": "Kentington",
    "version": "1.0.1",
    "description": "A lightweight mod which allows you to change the maximum deployment rating of automated ships allowed by the associated skill. [Game Version Update By: Inheritance]",
    "gameVersion": "0.95.1a-RC6",
    "jars":["jars/AutomatedShips.jar"],
    "modPlugin":"kentington.automationskill.AutomationModPlugin",
	"suppressVCUnsupported":true
}
